month,make,number
2016-01,ADIVA,39
2016-01,APRILIA,3
2016-01,B.M.W.,37
2016-01,BAJAJ,15
2016-01,DAELIM,4
2016-01,DUCATI,1
2016-01,HARLEY DAVIDSON,11
2016-01,HONDA,166
2016-01,HUSQVARNA,1
2016-01,INDIAN,1
2016-01,JIANSHE,0
2016-01,K.T.M.,26
2016-01,KAWASAKI,7
2016-01,KEEWAY,3
2016-01,KYMCO,14
2016-01,M.V. AGUSTA,2
2016-01,MOTO GUZZI,7
2016-01,P.G.O.,1
2016-01,PIAGGIO,26
2016-01,RIEJU,0
2016-01,SUZUKI,20
2016-01,SYM,18
2016-01,TGB,1
2016-01,TRIUMPH,0
2016-01,VICTORY,0
2016-01,YAMAHA,259
2016-01,ZONGSHEN,5
2016-02,ADIVA,3
2016-02,APRILIA,18
2016-02,B.M.W.,29
2016-02,BAJAJ,19
2016-02,DAELIM,3
2016-02,DUCATI,4
2016-02,HARLEY DAVIDSON,8
2016-02,HONDA,187
2016-02,HUSQVARNA,2
2016-02,INDIAN,0
2016-02,JIANSHE,2
2016-02,K.T.M.,26
2016-02,KAWASAKI,7
2016-02,KEEWAY,0
2016-02,KYMCO,20
2016-02,M.V. AGUSTA,4
2016-02,MOTO GUZZI,2
2016-02,P.G.O.,0
2016-02,PIAGGIO,19
2016-02,RIEJU,1
2016-02,SUZUKI,10
2016-02,SYM,19
2016-02,TGB,2
2016-02,TRIUMPH,4
2016-02,VICTORY,0
2016-02,YAMAHA,204
2016-02,ZONGSHEN,3
2016-03,ADIVA,13
2016-03,APRILIA,9
2016-03,B.M.W.,39
2016-03,BAJAJ,13
2016-03,DAELIM,5
2016-03,DUCATI,6
2016-03,HARLEY DAVIDSON,15
2016-03,HONDA,174
2016-03,HUSQVARNA,0
2016-03,INDIAN,0
2016-03,JIANSHE,4
2016-03,K.T.M.,33
2016-03,KAWASAKI,9
2016-03,KEEWAY,1
2016-03,KYMCO,14
2016-03,M.V. AGUSTA,11
2016-03,MOTO GUZZI,1
2016-03,P.G.O.,3
2016-03,PIAGGIO,32
2016-03,RIEJU,1
2016-03,SUZUKI,13
2016-03,SYM,23
2016-03,TGB,1
2016-03,TRIUMPH,6
2016-03,VICTORY,1
2016-03,YAMAHA,243
2016-03,ZONGSHEN,2
2016-04,ADIVA,11
2016-04,APRILIA,4
2016-04,B.M.W.,11
2016-04,BAJAJ,21
2016-04,CAN-AM,1
2016-04,DAELIM,1
2016-04,DUCATI,5
2016-04,HARLEY DAVIDSON,10
2016-04,HONDA,194
2016-04,HUSQVARNA,2
2016-04,INDIAN,0
2016-04,JIANSHE,1
2016-04,K.T.M.,25
2016-04,KAWASAKI,13
2016-04,KEEWAY,0
2016-04,KYMCO,21
2016-04,LAMBRETTA,0
2016-04,M.V. AGUSTA,4
2016-04,MOTO GUZZI,2
2016-04,P.G.O.,10
2016-04,PIAGGIO,27
2016-04,QINGQI,0
2016-04,RIEJU,0
2016-04,ROYAL ENFIELD,0
2016-04,SCOMADI,0
2016-04,SUZUKI,16
2016-04,SYM,28
2016-04,TGB,0
2016-04,TRIUMPH,3
2016-04,VICTORY,0
2016-04,YAMAHA,309
2016-04,ZONGSHEN,3
2016-05,ADIVA,3
2016-05,APRILIA,3
2016-05,B.M.W.,26
2016-05,BAJAJ,6
2016-05,CAN-AM,0
2016-05,DAELIM,1
2016-05,DUCATI,12
2016-05,HARLEY DAVIDSON,4
2016-05,HONDA,157
2016-05,HUSQVARNA,1
2016-05,INDIAN,0
2016-05,JIANSHE,1
2016-05,K.T.M.,29
2016-05,KAWASAKI,4
2016-05,KEEWAY,0
2016-05,KYMCO,17
2016-05,LAMBRETTA,1
2016-05,M.V. AGUSTA,4
2016-05,MOTO GUZZI,3
2016-05,P.G.O.,8
2016-05,PIAGGIO,39
2016-05,QINGQI,0
2016-05,RIEJU,0
2016-05,ROYAL ENFIELD,2
2016-05,SCOMADI,0
2016-05,SUZUKI,56
2016-05,SYM,16
2016-05,TGB,1
2016-05,TRIUMPH,8
2016-05,VICTORY,0
2016-05,YAMAHA,286
2016-05,ZONGSHEN,1
2016-06,ADIVA,22
2016-06,APRILIA,8
2016-06,B.M.W.,38
2016-06,BAJAJ,14
2016-06,CAN-AM,0
2016-06,DAELIM,1
2016-06,DUCATI,9
2016-06,HARLEY DAVIDSON,5
2016-06,HONDA,164
2016-06,HUSQVARNA,0
2016-06,INDIAN,0
2016-06,JIANSHE,5
2016-06,K.T.M.,41
2016-06,KAWASAKI,6
2016-06,KEEWAY,0
2016-06,KYMCO,13
2016-06,LAMBRETTA,0
2016-06,M.V. AGUSTA,0
2016-06,MOTO GUZZI,1
2016-06,P.G.O.,8
2016-06,PIAGGIO,26
2016-06,QINGQI,0
2016-06,RIEJU,0
2016-06,ROYAL ENFIELD,1
2016-06,SCOMADI,26
2016-06,SUZUKI,61
2016-06,SYM,24
2016-06,TGB,0
2016-06,TRIUMPH,10
2016-06,VICTORY,0
2016-06,YAMAHA,261
2016-06,ZONGSHEN,1
2016-07,ADIVA,20
2016-07,APRILIA,4
2016-07,B.M.W.,49
2016-07,BAJAJ,11
2016-07,CAN-AM,0
2016-07,DAELIM,2
2016-07,DUCATI,12
2016-07,HARLEY DAVIDSON,10
2016-07,HONDA,268
2016-07,HUSQVARNA,1
2016-07,INDIAN,0
2016-07,JIANSHE,0
2016-07,K.T.M.,28
2016-07,KAWASAKI,17
2016-07,KEEWAY,0
2016-07,KYMCO,14
2016-07,LAMBRETTA,0
2016-07,M.V. AGUSTA,1
2016-07,MOTO GUZZI,0
2016-07,P.G.O.,1
2016-07,PIAGGIO,25
2016-07,QINGQI,0
2016-07,RIEJU,0
2016-07,ROYAL ENFIELD,1
2016-07,SCOMADI,14
2016-07,SUZUKI,47
2016-07,SYM,11
2016-07,TGB,0
2016-07,TRIUMPH,6
2016-07,VICTORY,3
2016-07,YAMAHA,214
2016-07,ZONGSHEN,7
2016-08,ADIVA,26
2016-08,APRILIA,8
2016-08,B.M.W.,39
2016-08,BAJAJ,16
2016-08,CAN-AM,0
2016-08,DAELIM,1
2016-08,DUCATI,11
2016-08,HARLEY DAVIDSON,7
2016-08,HONDA,216
2016-08,HUSQVARNA,0
2016-08,INDIAN,2
2016-08,JIANSHE,0
2016-08,K.T.M.,31
2016-08,KAWASAKI,16
2016-08,KEEWAY,0
2016-08,KYMCO,23
2016-08,LAMBRETTA,0
2016-08,M.V. AGUSTA,2
2016-08,MOTO GUZZI,0
2016-08,P.G.O.,2
2016-08,PIAGGIO,31
2016-08,QINGQI,1
2016-08,RIEJU,1
2016-08,ROYAL ENFIELD,0
2016-08,SCOMADI,19
2016-08,SUZUKI,55
2016-08,SYM,11
2016-08,TGB,0
2016-08,TRIUMPH,14
2016-08,VICTORY,0
2016-08,YAMAHA,290
2016-08,ZONGSHEN,2
2016-09,ADIVA,5
2016-09,APRILIA,5
2016-09,B.M.W.,46
2016-09,BAJAJ,5
2016-09,CAN-AM,0
2016-09,DAELIM,2
2016-09,DUCATI,14
2016-09,HARLEY DAVIDSON,16
2016-09,HONDA,222
2016-09,HUSQVARNA,1
2016-09,INDIAN,1
2016-09,JIANSHE,0
2016-09,K.T.M.,17
2016-09,KAWASAKI,7
2016-09,KEEWAY,1
2016-09,KYMCO,26
2016-09,LAMBRETTA,0
2016-09,M.V. AGUSTA,0
2016-09,MOTO GUZZI,2
2016-09,P.G.O.,7
2016-09,PIAGGIO,31
2016-09,QINGQI,1
2016-09,RIEJU,0
2016-09,ROYAL ENFIELD,0
2016-09,SCOMADI,19
2016-09,SUZUKI,39
2016-09,SYM,10
2016-09,TGB,0
2016-09,TRIUMPH,8
2016-09,VICTORY,0
2016-09,YAMAHA,272
2016-09,ZONGSHEN,1
2016-10,ADIVA,18
2016-10,APRILIA,1
2016-10,B.M.W.,27
2016-10,BAJAJ,4
2016-10,CAN-AM,0
2016-10,DAELIM,1
2016-10,DUCATI,8
2016-10,HARLEY DAVIDSON,9
2016-10,HONDA,167
2016-10,HUSQVARNA,1
2016-10,INDIAN,0
2016-10,JIANSHE,1
2016-10,K.T.M.,24
2016-10,KAWASAKI,4
2016-10,KEEWAY,0
2016-10,KYMCO,6
2016-10,LAMBRETTA,0
2016-10,M.V. AGUSTA,1
2016-10,MOTO GUZZI,1
2016-10,P.G.O.,3
2016-10,PIAGGIO,21
2016-10,QINGQI,0
2016-10,RIEJU,3
2016-10,ROYAL ENFIELD,0
2016-10,SCOMADI,12
2016-10,SUZUKI,25
2016-10,SYM,15
2016-10,TGB,1
2016-10,TRIUMPH,4
2016-10,VICTORY,1
2016-10,YAMAHA,222
2016-10,ZONGSHEN,0
2016-11,ADIVA,7
2016-11,APRILIA,4
2016-11,B.M.W.,21
2016-11,BAJAJ,7
2016-11,CAN-AM,0
2016-11,DAELIM,2
2016-11,DUCATI,11
2016-11,HARLEY DAVIDSON,6
2016-11,HONDA,167
2016-11,HUSQVARNA,0
2016-11,INDIAN,0
2016-11,JIANSHE,2
2016-11,K.T.M.,22
2016-11,KAWASAKI,0
2016-11,KEEWAY,1
2016-11,KYMCO,16
2016-11,LAMBRETTA,0
2016-11,M.V. AGUSTA,0
2016-11,MOTO GUZZI,1
2016-11,P.G.O.,3
2016-11,PIAGGIO,16
2016-11,QINGQI,0
2016-11,RIEJU,1
2016-11,ROYAL ENFIELD,0
2016-11,SCOMADI,3
2016-11,SUZUKI,54
2016-11,SYM,16
2016-11,TGB,10
2016-11,TRIUMPH,2
2016-11,VICTORY,0
2016-11,YAMAHA,254
2016-11,ZONGSHEN,0
2016-12,ADIVA,15
2016-12,APRILIA,4
2016-12,B.M.W.,30
2016-12,BAJAJ,9
2016-12,CAN-AM,0
2016-12,DAELIM,3
2016-12,DUCATI,13
2016-12,HARLEY DAVIDSON,11
2016-12,HONDA,242
2016-12,HUSQVARNA,1
2016-12,INDIAN,2
2016-12,JIANSHE,1
2016-12,K.T.M.,27
2016-12,KAWASAKI,6
2016-12,KEEWAY,1
2016-12,KYMCO,11
2016-12,LAMBRETTA,1
2016-12,M.V. AGUSTA,3
2016-12,MOTO GUZZI,0
2016-12,P.G.O.,1
2016-12,PIAGGIO,20
2016-12,QINGQI,1
2016-12,RIEJU,0
2016-12,ROYAL ENFIELD,0
2016-12,SCOMADI,10
2016-12,SUZUKI,47
2016-12,SYM,18
2016-12,TGB,0
2016-12,TRIUMPH,10
2016-12,VICTORY,0
2016-12,YAMAHA,223
2016-12,ZONGSHEN,0
2017-01,ADIVA,7
2017-01,APRILIA,6
2017-01,B.M.W.,21
2017-01,BAJAJ,5
2017-01,DAELIM,3
2017-01,DUCATI,1
2017-01,HARLEY DAVIDSON,11
2017-01,HONDA,195
2017-01,HUSQVARNA,1
2017-01,INDIAN,1
2017-01,JIANSHE,2
2017-01,K.T.M.,10
2017-01,KAWASAKI,12
2017-01,KYMCO,8
2017-01,M.V. AGUSTA,1
2017-01,MOTO GUZZI,1
2017-01,P.G.O.,3
2017-01,PIAGGIO,24
2017-01,SCOMADI,6
2017-01,SUZUKI,44
2017-01,SYM,9
2017-01,TRIUMPH,3
2017-01,YAMAHA,276
2017-02,ADIVA,10
2017-02,APRILIA,3
2017-02,B.M.W.,26
2017-02,BAJAJ,8
2017-02,DAELIM,2
2017-02,DUCATI,5
2017-02,HARLEY DAVIDSON,14
2017-02,HONDA,201
2017-02,HUSQVARNA,0
2017-02,INDIAN,1
2017-02,JIANSHE,0
2017-02,K.T.M.,20
2017-02,KAWASAKI,12
2017-02,KEEWAY,1
2017-02,KYMCO,14
2017-02,M.V. AGUSTA,3
2017-02,MOTO GUZZI,1
2017-02,P.G.O.,4
2017-02,PIAGGIO,42
2017-02,QINGQI,1
2017-02,ROYAL ENFIELD,1
2017-02,SCOMADI,5
2017-02,SUZUKI,36
2017-02,SYM,39
2017-02,TGB,6
2017-02,TRIUMPH,24
2017-02,VICTORY,1
2017-02,YAMAHA,289
2017-02,ZONGSHEN,2
2017-03,ADIVA,3
2017-03,APRILIA,5
2017-03,B.M.W.,14
2017-03,BAJAJ,6
2017-03,DAELIM,0
2017-03,DUCATI,7
2017-03,HARLEY DAVIDSON,11
2017-03,HONDA,306
2017-03,HUSQVARNA,1
2017-03,HYOSUNG,1
2017-03,INDIAN,1
2017-03,JIANSHE,0
2017-03,K.T.M.,13
2017-03,KAWASAKI,17
2017-03,KEEWAY,0
2017-03,KYMCO,12
2017-03,M.V. AGUSTA,8
2017-03,MOTO GUZZI,3
2017-03,P.G.O.,1
2017-03,PIAGGIO,27
2017-03,QINGQI,2
2017-03,RIEJU,1
2017-03,ROYAL ENFIELD,0
2017-03,SCOMADI,5
2017-03,SUZUKI,13
2017-03,SYM,7
2017-03,TGB,6
2017-03,TRIUMPH,23
2017-03,VICTORY,1
2017-03,YAMAHA,316
2017-03,ZONGSHEN,3
2017-04,ADIVA,3
2017-04,APRILIA,3
2017-04,B.M.W.,27
2017-04,BAJAJ,7
2017-04,DAELIM,2
2017-04,DUCATI,7
2017-04,HARLEY DAVIDSON,18
2017-04,HONDA,217
2017-04,HUSQVARNA,0
2017-04,HYOSUNG,0
2017-04,INDIAN,0
2017-04,JIANSHE,0
2017-04,K.T.M.,7
2017-04,KAWASAKI,3
2017-04,KEEWAY,1
2017-04,KYMCO,5
2017-04,M.V. AGUSTA,2
2017-04,MOTO GUZZI,0
2017-04,P.G.O.,2
2017-04,PIAGGIO,22
2017-04,QINGQI,0
2017-04,RIEJU,0
2017-04,ROYAL ENFIELD,0
2017-04,SCOMADI,2
2017-04,SUZUKI,9
2017-04,SYM,15
2017-04,TGB,0
2017-04,TRIUMPH,10
2017-04,VICTORY,0
2017-04,YAMAHA,214
2017-04,ZONGSHEN,0
2017-05,ADIVA,12
2017-05,APRILIA,2
2017-05,B.M.W.,17
2017-05,BAJAJ,10
2017-05,DAELIM,0
2017-05,DUCATI,5
2017-05,HARLEY DAVIDSON,4
2017-05,HONDA,220
2017-05,HUSQVARNA,5
2017-05,HYOSUNG,0
2017-05,INDIAN,1
2017-05,JIANSHE,0
2017-05,K.T.M.,33
2017-05,KAWASAKI,8
2017-05,KEEWAY,0
2017-05,KYMCO,11
2017-05,LAVERDA,1
2017-05,M.V. AGUSTA,1
2017-05,MOTO GUZZI,1
2017-05,NORTON,5
2017-05,P.G.O.,5
2017-05,PIAGGIO,23
2017-05,QINGQI,0
2017-05,RIEJU,0
2017-05,ROYAL ENFIELD,0
2017-05,SCOMADI,2
2017-05,SUZUKI,22
2017-05,SYM,14
2017-05,TGB,0
2017-05,TRIUMPH,27
2017-05,VESPA,1
2017-05,VICTORY,0
2017-05,YAMAHA,344
2017-05,ZONGSHEN,1
2017-06,ADIVA,8
2017-06,APRILIA,4
2017-06,B.M.W.,23
2017-06,BAJAJ,9
2017-06,DAELIM,0
2017-06,DUCATI,2
2017-06,HARLEY DAVIDSON,10
2017-06,HONDA,272
2017-06,HUSQVARNA,2
2017-06,HYOSUNG,0
2017-06,INDIAN,0
2017-06,JIANSHE,0
2017-06,K.T.M.,41
2017-06,KAWASAKI,18
2017-06,KEEWAY,0
2017-06,KYMCO,15
2017-06,LAVERDA,0
2017-06,M.V. AGUSTA,0
2017-06,MOTO GUZZI,1
2017-06,NORTON,0
2017-06,P.G.O.,5
2017-06,PIAGGIO,32
2017-06,QINGQI,0
2017-06,RIEJU,0
2017-06,ROYAL ENFIELD,0
2017-06,SCOMADI,4
2017-06,SUZUKI,36
2017-06,SYM,14
2017-06,TGB,0
2017-06,TRIUMPH,6
2017-06,VESPA,0
2017-06,VICTORY,1
2017-06,YAMAHA,322
2017-06,ZONGSHEN,4
2017-07,ADIVA,2
2017-07,APRILIA,11
2017-07,B.M.W.,13
2017-07,BAJAJ,8
2017-07,DAELIM,0
2017-07,DUCATI,2
2017-07,HARLEY DAVIDSON,8
2017-07,HONDA,261
2017-07,HUSQVARNA,1
2017-07,HYOSUNG,0
2017-07,INDIAN,4
2017-07,JIANSHE,0
2017-07,K.T.M.,37
2017-07,KAWASAKI,7
2017-07,KEEWAY,0
2017-07,KYMCO,14
2017-07,LAMBRETTA,1
2017-07,LAVERDA,0
2017-07,LEXMOTO,7
2017-07,M.V. AGUSTA,3
2017-07,MOTO GUZZI,1
2017-07,NORTON,0
2017-07,P.G.O.,1
2017-07,PIAGGIO,24
2017-07,QINGQI,0
2017-07,RIEJU,0
2017-07,ROYAL ENFIELD,0
2017-07,SCOMADI,3
2017-07,SUZUKI,40
2017-07,SYM,66
2017-07,TGB,2
2017-07,TRIUMPH,24
2017-07,VESPA,0
2017-07,VICTORY,0
2017-07,YAMAHA,338
2017-07,ZONGSHEN,0
2017-08,ADIVA,2
2017-08,APRILIA,2
2017-08,B.M.W.,18
2017-08,BAJAJ,10
2017-08,DAELIM,0
2017-08,DUCATI,5
2017-08,HARLEY DAVIDSON,6
2017-08,HONDA,285
2017-08,HUSQVARNA,1
2017-08,HYOSUNG,0
2017-08,INDIAN,0
2017-08,JIANSHE,0
2017-08,K.T.M.,36
2017-08,KAWASAKI,11
2017-08,KEEWAY,1
2017-08,KYMCO,21
2017-08,LAMBRETTA,1
2017-08,LAVERDA,0
2017-08,LEXMOTO,11
2017-08,M.V. AGUSTA,0
2017-08,MOTO GUZZI,0
2017-08,NORTON,0
2017-08,P.G.O.,3
2017-08,PIAGGIO,26
2017-08,QINGQI,0
2017-08,RIEJU,0
2017-08,ROYAL ENFIELD,2
2017-08,SCOMADI,0
2017-08,SUZUKI,25
2017-08,SYM,49
2017-08,TGB,0
2017-08,TRIUMPH,9
2017-08,VESPA,0
2017-08,VICTORY,0
2017-08,YAMAHA,298
2017-08,ZONGSHEN,2
2017-09,ADIVA,7
2017-09,APRILIA,4
2017-09,B.M.W.,20
2017-09,BAJAJ,14
2017-09,DAELIM,1
2017-09,DUCATI,2
2017-09,HARLEY DAVIDSON,9
2017-09,HONDA,312
2017-09,HUSQVARNA,2
2017-09,HYOSUNG,0
2017-09,INDIAN,0
2017-09,JIANSHE,1
2017-09,K.T.M.,37
2017-09,KAWASAKI,8
2017-09,KEEWAY,0
2017-09,KYMCO,10
2017-09,LAMBRETTA,0
2017-09,LAVERDA,0
2017-09,LEXMOTO,10
2017-09,M.V. AGUSTA,0
2017-09,MOTO GUZZI,0
2017-09,NORTON,0
2017-09,P.G.O.,4
2017-09,PIAGGIO,34
2017-09,QINGQI,0
2017-09,RIEJU,1
2017-09,ROYAL ENFIELD,0
2017-09,SCOMADI,2
2017-09,SUZUKI,32
2017-09,SYM,15
2017-09,TGB,4
2017-09,TRIUMPH,7
2017-09,VESPA,0
2017-09,VICTORY,0
2017-09,YAMAHA,347
2017-09,ZONGSHEN,1
2017-10,ADIVA,1
2017-10,APRILIA,2
2017-10,B.M.W.,21
2017-10,BAJAJ,7
2017-10,DAELIM,3
2017-10,DUCATI,4
2017-10,HARLEY DAVIDSON,2
2017-10,HONDA,220
2017-10,HUSQVARNA,0
2017-10,HYOSUNG,0
2017-10,INDIAN,0
2017-10,JIANSHE,0
2017-10,K.T.M.,27
2017-10,KAWASAKI,5
2017-10,KEEWAY,1
2017-10,KYMCO,16
2017-10,LAMBRETTA,0
2017-10,LAVERDA,0
2017-10,LEXMOTO,7
2017-10,M.V. AGUSTA,1
2017-10,MOTO GUZZI,1
2017-10,NORTON,1
2017-10,P.G.O.,1
2017-10,PIAGGIO,15
2017-10,QINGQI,0
2017-10,RIEJU,0
2017-10,ROYAL ENFIELD,0
2017-10,SCOMADI,2
2017-10,SUZUKI,30
2017-10,SYM,20
2017-10,TGB,0
2017-10,TRIUMPH,3
2017-10,VESPA,0
2017-10,VICTORY,0
2017-10,YAMAHA,361
2017-10,ZONGSHEN,1
2017-11,ADIVA,25
2017-11,APRILIA,2
2017-11,B.M.W.,15
2017-11,BAJAJ,7
2017-11,CFMOTO,1
2017-11,DAELIM,1
2017-11,DUCATI,7
2017-11,HARLEY DAVIDSON,11
2017-11,HONDA,255
2017-11,HUSQVARNA,0
2017-11,HYOSUNG,0
2017-11,INDIAN,0
2017-11,JIANSHE,0
2017-11,K.T.M.,17
2017-11,KAWASAKI,3
2017-11,KEEWAY,0
2017-11,KYMCO,18
2017-11,LAMBRETTA,1
2017-11,LAVERDA,0
2017-11,LEXMOTO,3
2017-11,M.V. AGUSTA,0
2017-11,MOTO GUZZI,1
2017-11,NORTON,0
2017-11,P.G.O.,1
2017-11,PIAGGIO,25
2017-11,QINGQI,0
2017-11,RIEJU,0
2017-11,ROYAL ENFIELD,1
2017-11,SCOMADI,3
2017-11,SUZUKI,47
2017-11,SYM,13
2017-11,TGB,0
2017-11,TRIUMPH,1
2017-11,VESPA,0
2017-11,VICTORY,0
2017-11,YAMAHA,336
2017-11,ZONGSHEN,1
2017-12,ADIVA,114
2017-12,APRILIA,7
2017-12,B.M.W.,21
2017-12,BAJAJ,23
2017-12,BENELLI,1
2017-12,CFMOTO,0
2017-12,DAELIM,0
2017-12,DUCATI,7
2017-12,HARLEY DAVIDSON,27
2017-12,HONDA,381
2017-12,HUSQVARNA,0
2017-12,HYOSUNG,0
2017-12,INDIAN,0
2017-12,JIANSHE,0
2017-12,K.T.M.,34
2017-12,KAWASAKI,12
2017-12,KEEWAY,0
2017-12,KYMCO,13
2017-12,LAMBRETTA,0
2017-12,LAVERDA,0
2017-12,LEXMOTO,9
2017-12,M.V. AGUSTA,21
2017-12,MOTO GUZZI,1
2017-12,NORTON,0
2017-12,P.G.O.,1
2017-12,PIAGGIO,28
2017-12,QINGQI,0
2017-12,RIEJU,0
2017-12,ROYAL ENFIELD,9
2017-12,SCOMADI,0
2017-12,SUZUKI,53
2017-12,SYM,17
2017-12,TGB,0
2017-12,TRIUMPH,9
2017-12,VESPA,0
2017-12,VICTORY,3
2017-12,YAMAHA,323
2017-12,ZONGSHEN,0
2018-01,APRILIA,2
2018-01,B.M.W.,10
2018-01,BAJAJ,9
2018-01,DUCATI,5
2018-01,HARLEY DAVIDSON,3
2018-01,HONDA,180
2018-01,INDIAN,2
2018-01,JIANSHE,1
2018-01,K.T.M.,12
2018-01,KYMCO,5
2018-01,LAMBRETTA,1
2018-01,LEXMOTO,2
2018-01,PIAGGIO,14
2018-01,SCOMADI,1
2018-01,SUZUKI,20
2018-01,SYM,13
2018-01,TRIUMPH,8
2018-01,YAMAHA,230
2018-01,ZONGSHEN,2
2018-02,APRILIA,1
2018-02,B.M.W.,6
2018-02,BAJAJ,4
2018-02,DUCATI,6
2018-02,HARLEY DAVIDSON,3
2018-02,HONDA,164
2018-02,INDIAN,0
2018-02,JIANSHE,0
2018-02,K.T.M.,15
2018-02,KAWASAKI,1
2018-02,KYMCO,7
2018-02,LAMBRETTA,0
2018-02,LEXMOTO,4
2018-02,LUYUAN,1
2018-02,PIAGGIO,12
2018-02,SCOMADI,0
2018-02,SUZUKI,14
2018-02,SYM,2
2018-02,TRIUMPH,4
2018-02,YAMAHA,147
2018-02,ZONGSHEN,3
2018-03,APRILIA,2
2018-03,B.M.W.,26
2018-03,BAJAJ,6
2018-03,DAELIM,2
2018-03,DUCATI,5
2018-03,HARLEY DAVIDSON,13
2018-03,HONDA,212
2018-03,INDIAN,1
2018-03,JIANSHE,0
2018-03,K.T.M.,14
2018-03,KAWASAKI,7
2018-03,KYMCO,9
2018-03,LAMBRETTA,0
2018-03,LEXMOTO,1
2018-03,LUYUAN,0
2018-03,M.V. AGUSTA,1
2018-03,PIAGGIO,16
2018-03,SCOMADI,2
2018-03,SUZUKI,17
2018-03,SYM,4
2018-03,TRIUMPH,5
2018-03,YAMAHA,259
2018-03,ZONGSHEN,2
2018-04,APRILIA,1
2018-04,B.M.W.,17
2018-04,BAJAJ,1
2018-04,DAELIM,1
2018-04,DUCATI,10
2018-04,HARLEY DAVIDSON,9
2018-04,HONDA,270
2018-04,HUSQVARNA,1
2018-04,INDIAN,0
2018-04,JIANSHE,0
2018-04,K.T.M.,7
2018-04,KAWASAKI,6
2018-04,KYMCO,8
2018-04,LAMBRETTA,1
2018-04,LEXMOTO,1
2018-04,LUYUAN,0
2018-04,M.V. AGUSTA,0
2018-04,PIAGGIO,16
2018-04,RIEJU,1
2018-04,SCOMADI,0
2018-04,SUZUKI,14
2018-04,SYM,6
2018-04,TRIUMPH,11
2018-04,YAMAHA,369
2018-04,ZONGSHEN,0
2018-05,APRILIA,0
2018-05,B.M.W.,15
2018-05,BAJAJ,9
2018-05,DAELIM,2
2018-05,DUCATI,9
2018-05,HARLEY DAVIDSON,12
2018-05,HONDA,352
2018-05,HUSQVARNA,3
2018-05,INDIAN,0
2018-05,JIANSHE,0
2018-05,K.T.M.,10
2018-05,KAWASAKI,19
2018-05,KYMCO,4
2018-05,LAMBRETTA,0
2018-05,LEXMOTO,0
2018-05,LUYUAN,0
2018-05,M.V. AGUSTA,0
2018-05,PIAGGIO,18
2018-05,RIEJU,0
2018-05,SCOMADI,1
2018-05,SUZUKI,18
2018-05,SYM,9
2018-05,TRIUMPH,5
2018-05,YAMAHA,375
2018-05,ZONGSHEN,0
2018-06,APRILIA,0
2018-06,B.M.W.,19
2018-06,BAJAJ,3
2018-06,DAELIM,3
2018-06,DUCATI,5
2018-06,HARLEY DAVIDSON,19
2018-06,HONDA,294
2018-06,HUSQVARNA,2
2018-06,INDIAN,0
2018-06,JIANSHE,0
2018-06,K.T.M.,12
2018-06,KAWASAKI,13
2018-06,KYMCO,12
2018-06,LAMBRETTA,0
2018-06,LEXMOTO,0
2018-06,LUYUAN,0
2018-06,M.V. AGUSTA,0
2018-06,PIAGGIO,18
2018-06,RIEJU,1
2018-06,SCOMADI,2
2018-06,SUZUKI,13
2018-06,SYM,13
2018-06,TRIUMPH,7
2018-06,YAMAHA,435
2018-06,ZONGSHEN,1
2018-07,APRILIA,2
2018-07,B.M.W.,16
2018-07,BAJAJ,8
2018-07,DAELIM,7
2018-07,DUCATI,10
2018-07,HARLEY DAVIDSON,4
2018-07,HONDA,385
2018-07,HUSQVARNA,2
2018-07,INDIAN,
2018-07,JIANSHE,
2018-07,K.T.M.,11
2018-07,KAWASAKI,15
2018-07,KYMCO,10
2018-07,LAMBRETTA,
2018-07,LEXMOTO,1
2018-07,LUYUAN,
2018-07,M.V. AGUSTA,
2018-07,MOTO GUZZI,1
2018-07,PIAGGIO,17
2018-07,RIEJU,1
2018-07,SCOMADI,
2018-07,SUZUKI,31
2018-07,SYM,15
2018-07,TRIUMPH,5
2018-07,YAMAHA,558
2018-07,ZONGSHEN,
2018-08,APRILIA,5
2018-08,B.M.W.,50
2018-08,BAJAJ,14
2018-08,DAELIM,2
2018-08,DUCATI,10
2018-08,HARLEY DAVIDSON,7
2018-08,HONDA,453
2018-08,HUSQVARNA,2
2018-08,INDIAN,
2018-08,JIANSHE,
2018-08,K.T.M.,11
2018-08,KAWASAKI,14
2018-08,KYMCO,21
2018-08,LAMBRETTA,
2018-08,LEXMOTO,
2018-08,LUYUAN,
2018-08,M.V. AGUSTA,
2018-08,MOTO GUZZI,1
2018-08,PIAGGIO,31
2018-08,RIEJU,
2018-08,SCOMADI,1
2018-08,SUZUKI,35
2018-08,SYM,15
2018-08,TRIUMPH,5
2018-08,YAMAHA,419
2018-08,ZONGSHEN,2
2018-09,APRILIA,
2018-09,B.M.W.,15
2018-09,BAJAJ,24
2018-09,DAELIM,6
2018-09,DUCATI,7
2018-09,HARLEY DAVIDSON,11
2018-09,HONDA,527
2018-09,HUSQVARNA,2
2018-09,INDIAN,
2018-09,JIANSHE,
2018-09,K.T.M.,19
2018-09,KAWASAKI,8
2018-09,KYMCO,13
2018-09,LAMBRETTA,2
2018-09,LEXMOTO,
2018-09,LUYUAN,
2018-09,M.V. AGUSTA,
2018-09,MOTO GUZZI,3
2018-09,PIAGGIO,30
2018-09,RIEJU,
2018-09,SCOMADI,
2018-09,SUZUKI,60
2018-09,SYM,37
2018-09,TRIUMPH,7
2018-09,YAMAHA,537
2018-09,ZONGSHEN,
2018-10,APRILIA,3
2018-10,B.M.W.,16
2018-10,BAJAJ,7
2018-10,DAELIM,11
2018-10,DUCATI,9
2018-10,HARLEY DAVIDSON,7
2018-10,HONDA,580
2018-10,HUSQVARNA,1
2018-10,INDIAN,
2018-10,JIANSHE,
2018-10,K.T.M.,17
2018-10,KAWASAKI,23
2018-10,KYMCO,15
2018-10,LAMBRETTA,10
2018-10,LEXMOTO,1
2018-10,LUYUAN,
2018-10,M.V. AGUSTA,
2018-10,MOTO GUZZI,1
2018-10,PIAGGIO,41
2018-10,RIEJU,
2018-10,ROYAL ENFIELD,4
2018-10,SCOMADI,1
2018-10,SUZUKI,34
2018-10,SYM,55
2018-10,TRIUMPH,4
2018-10,VESPA,1
2018-10,YAMAHA,479
2018-10,ZONGSHEN,2
2018-11,APRILIA,2
2018-11,B.M.W.,16
2018-11,BAJAJ,3
2018-11,DAELIM,4
2018-11,DUCATI,8
2018-11,HARLEY DAVIDSON,20
2018-11,HONDA,754
2018-11,HUSQVARNA,1
2018-11,INDIAN,
2018-11,JIANSHE,
2018-11,K.T.M.,17
2018-11,KAWASAKI,39
2018-11,KYMCO,36
2018-11,LAMBRETTA,6
2018-11,LEXMOTO,1
2018-11,LUYUAN,
2018-11,M.V. AGUSTA,
2018-11,MOTO GUZZI,
2018-11,PIAGGIO,60
2018-11,RIEJU,
2018-11,ROYAL ENFIELD,2
2018-11,SCOMADI,
2018-11,SUZUKI,21
2018-11,SYM,45
2018-11,TRIUMPH,5
2018-11,VESPA,
2018-11,YAMAHA,545
2018-11,ZONGSHEN,
2018-12,APRILIA,4
2018-12,B.M.W.,15
2018-12,BAJAJ,1
2018-12,DAELIM,7
2018-12,DUCATI,9
2018-12,HARLEY DAVIDSON,8
2018-12,HONDA,725
2018-12,HUSQVARNA,
2018-12,INDIAN,
2018-12,JIANSHE,
2018-12,K.T.M.,22
2018-12,KAWASAKI,26
2018-12,KYMCO,16
2018-12,LAMBRETTA,5
2018-12,LEXMOTO,
2018-12,LUYUAN,
2018-12,M.V. AGUSTA,
2018-12,MOTO GUZZI,
2018-12,PIAGGIO,33
2018-12,RIEJU,2
2018-12,ROYAL ENFIELD,1
2018-12,SCOMADI,
2018-12,SUZUKI,3
2018-12,SYM,66
2018-12,TRIUMPH,8
2018-12,VESPA,
2018-12,YAMAHA,723
2018-12,ZONGSHEN,3
2019-01,APRILIA,2
2019-01,B.M.W.,21
2019-01,BAJAJ,19
2019-01,BRIXTON,7
2019-01,DAELIM,2
2019-01,DUCATI,5
2019-01,HARLEY DAVIDSON,7
2019-01,HONDA,550
2019-01,HUSQVARNA,4
2019-01,INDIAN,1
2019-01,K.T.M.,19
2019-01,KAWASAKI,23
2019-01,KYMCO,19
2019-01,LAMBRETTA,14
2019-01,PIAGGIO,49
2019-01,ROYAL ENFIELD,3
2019-01,SUZUKI,4
2019-01,SYM,67
2019-01,TRIUMPH,18
2019-01,YAMAHA,1075
2019-02,APRILIA,2
2019-02,B.M.W.,15
2019-02,BAJAJ,10
2019-02,BRIXTON,2
2019-02,DAELIM,1
2019-02,DUCATI,5
2019-02,HARLEY DAVIDSON,12
2019-02,HONDA,295
2019-02,HUSQVARNA,1
2019-02,INDIAN,
2019-02,K.T.M.,16
2019-02,KAWASAKI,7
2019-02,KYMCO,13
2019-02,LAMBRETTA,17
2019-02,PIAGGIO,37
2019-02,ROYAL ENFIELD,2
2019-02,SUZUKI,14
2019-02,SYM,35
2019-02,TRIUMPH,6
2019-02,YAMAHA,815
2019-03,APRILIA,1
2019-03,B.M.W.,11
2019-03,BAJAJ,11
2019-03,BRIXTON,8
2019-03,DAELIM,8
2019-03,DUCATI,12
2019-03,HARLEY DAVIDSON,7
2019-03,HONDA,424
2019-03,HUSQVARNA,
2019-03,INDIAN,
2019-03,K.T.M.,15
2019-03,KAWASAKI,9
2019-03,KEEWAY,1
2019-03,KIDEN,2
2019-03,KYMCO,14
2019-03,LAMBRETTA,9
2019-03,LEXMOTO,1
2019-03,PEUGEOT,2
2019-03,PIAGGIO,28
2019-03,RIEJU,2
2019-03,ROYAL ENFIELD,
2019-03,SUZUKI,36
2019-03,SYM,46
2019-03,TRIUMPH,17
2019-03,YAMAHA,1061
2019-04,APRILIA,3
2019-04,B.M.W.,15
2019-04,BAJAJ,7
2019-04,BRIXTON,3
2019-04,DAELIM,2
2019-04,DUCATI,9
2019-04,HARLEY DAVIDSON,18
2019-04,HONDA,418
2019-04,HUSQVARNA,1
2019-04,INDIAN,1
2019-04,K.T.M.,6
2019-04,KAWASAKI,37
2019-04,KEEWAY,
2019-04,KIDEN,
2019-04,KYMCO,17
2019-04,LAMBRETTA,12
2019-04,LEXMOTO,3
2019-04,M.V. AGUSTA,1
2019-04,PEUGEOT,3
2019-04,PIAGGIO,17
2019-04,RIEJU,
2019-04,ROYAL ENFIELD,4
2019-04,SUZUKI,24
2019-04,SYM,26
2019-04,TRIUMPH,15
2019-04,YAMAHA,867
2019-04,ZONGSHEN,4
2019-05,APRILIA,1
2019-05,B.M.W.,15
2019-05,BAJAJ,11
2019-05,BRIXTON,1
2019-05,DAELIM,2
2019-05,DUCATI,12
2019-05,HARLEY DAVIDSON,12
2019-05,HONDA,401
2019-05,HUSQVARNA,
2019-05,INDIAN,
2019-05,K.T.M.,14
2019-05,KAWASAKI,27
2019-05,KEEWAY,
2019-05,KIDEN,1
2019-05,KYMCO,14
2019-05,LAMBRETTA,18
2019-05,LEXMOTO,5
2019-05,M.V. AGUSTA,
2019-05,MOTO GUZZI,4
2019-05,PEUGEOT,2
2019-05,PIAGGIO,21
2019-05,RIEJU,1
2019-05,ROYAL ENFIELD,2
2019-05,SUZUKI,11
2019-05,SYM,32
2019-05,TRIUMPH,5
2019-05,YAMAHA,1073
2019-05,ZONGSHEN,
2019-06,APRILIA,1
2019-06,B.M.W.,18
2019-06,BAJAJ,4
2019-06,BRIXTON,2
2019-06,DAELIM,2
2019-06,DUCATI,13
2019-06,HARLEY DAVIDSON,10
2019-06,HONDA,406
2019-06,HUSQVARNA,2
2019-06,INDIAN,
2019-06,K.T.M.,11
2019-06,KAWASAKI,24
2019-06,KEEWAY,
2019-06,KIDEN,
2019-06,KYMCO,11
2019-06,LAMBRETTA,12
2019-06,LEXMOTO,1
2019-06,M.V. AGUSTA,
2019-06,MOTO GUZZI,
2019-06,PEUGEOT,3
2019-06,PIAGGIO,23
2019-06,RIEJU,
2019-06,ROYAL ENFIELD,2
2019-06,SUZUKI,3
2019-06,SYM,74
2019-06,TRIUMPH,5
2019-06,YAMAHA,1015
2019-06,ZONGSHEN,
2019-07,ADIVA,1
2019-07,APRILIA,5
2019-07,B.M.W.,16
2019-07,BAJAJ,3
2019-07,BETA,8
2019-07,BRIXTON,1
2019-07,DAELIM,4
2019-07,DUCATI,12
2019-07,HARLEY DAVIDSON,11
2019-07,HONDA,531
2019-07,HUSQVARNA,
2019-07,INDIAN,
2019-07,K.T.M.,37
2019-07,KAWASAKI,19
2019-07,KEEWAY,
2019-07,KIDEN,
2019-07,KYMCO,13
2019-07,LAMBRETTA,17
2019-07,LEXMOTO,1
2019-07,M.V. AGUSTA,1
2019-07,MOTO GUZZI,2
2019-07,PEUGEOT,4
2019-07,PIAGGIO,25
2019-07,RIEJU,2
2019-07,ROYAL ENFIELD,1
2019-07,SUZUKI,5
2019-07,SYM,40
2019-07,TRIUMPH,9
2019-07,YAMAHA,1214
2019-07,ZONGSHEN,
2019-07,ZONTES,4
2019-08,ADIVA,
2019-08,APRILIA,2
2019-08,B.M.W.,24
2019-08,BAJAJ,2
2019-08,BETA,
2019-08,BRIXTON,1
2019-08,DAELIM,1
2019-08,DUCATI,12
2019-08,HARLEY DAVIDSON,6
2019-08,HONDA,486
2019-08,HUSQVARNA,
2019-08,INDIAN,
2019-08,K.T.M.,21
2019-08,KAWASAKI,29
2019-08,KEEWAY,
2019-08,KIDEN,
2019-08,KYMCO,8
2019-08,LAMBRETTA,17
2019-08,LEXMOTO,2
2019-08,M.V. AGUSTA,
2019-08,MOTO GUZZI,1
2019-08,PEUGEOT,
2019-08,PIAGGIO,23
2019-08,QINGQI,10
2019-08,RIEJU,
2019-08,ROYAL ENFIELD,1
2019-08,SUZUKI,12
2019-08,SYM,24
2019-08,TRIUMPH,5
2019-08,YAMAHA,937
2019-08,ZONGSHEN,
2019-08,ZONTES,4
2019-09,ADIVA,
2019-09,APRILIA,1
2019-09,B.M.W.,15
2019-09,B.S.A.,1
2019-09,BAJAJ,
2019-09,BETA,
2019-09,BRIXTON,1
2019-09,DAELIM,
2019-09,DUCATI,11
2019-09,HARLEY DAVIDSON,11
2019-09,HONDA,360
2019-09,HUSQVARNA,
2019-09,INDIAN,1
2019-09,K.T.M.,14
2019-09,KAWASAKI,6
2019-09,KEEWAY,
2019-09,KIDEN,
2019-09,KYMCO,24
2019-09,LAMBRETTA,7
2019-09,LEXMOTO,6
2019-09,M.V. AGUSTA,
2019-09,MOTO GUZZI,2
2019-09,PEUGEOT,4
2019-09,PIAGGIO,17
2019-09,QINGQI,6
2019-09,RIEJU,
2019-09,ROYAL ENFIELD,1
2019-09,SUZUKI,14
2019-09,SYM,24
2019-09,TRIUMPH,3
2019-09,YAMAHA,835
2019-09,ZONGSHEN,1
2019-09,ZONTES,6
2019-10,ADIVA,
2019-10,APRILIA,1
2019-10,B.M.W.,9
2019-10,B.S.A.,
2019-10,BAJAJ,5
2019-10,BETA,
2019-10,BRIXTON,2
2019-10,DAELIM,3
2019-10,DUCATI,6
2019-10,HARLEY DAVIDSON,8
2019-10,HONDA,431
2019-10,HUSQVARNA,1
2019-10,INDIAN,
2019-10,K.T.M.,4
2019-10,KAWASAKI,18
2019-10,KEEWAY,
2019-10,KIDEN,
2019-10,KYMCO,7
2019-10,LAMBRETTA,4
2019-10,LEXMOTO,
2019-10,M.V. AGUSTA,
2019-10,MOTO GUZZI,
2019-10,PEUGEOT,
2019-10,PIAGGIO,28
2019-10,QINGQI,
2019-10,RIEJU,1
2019-10,ROYAL ENFIELD,1
2019-10,SUZUKI,11
2019-10,SYM,14
2019-10,TRIUMPH,5
2019-10,YAMAHA,767
2019-10,ZONGSHEN,3
2019-10,ZONTES,3
2019-11,ADIVA,
2019-11,APRILIA,2
2019-11,B.M.W.,25
2019-11,B.S.A.,
2019-11,BAJAJ,8
2019-11,BETA,
2019-11,BRIXTON,
2019-11,DAELIM,2
2019-11,DUCATI,11
2019-11,HARLEY DAVIDSON,10
2019-11,HONDA,450
2019-11,HUSQVARNA,3
2019-11,INDIAN,
2019-11,K.T.M.,27
2019-11,KAWASAKI,23
2019-11,KEEWAY,
2019-11,KIDEN,
2019-11,KYMCO,30
2019-11,LAMBRETTA,15
2019-11,LEXMOTO,1
2019-11,M.V. AGUSTA,
2019-11,MOTO GUZZI,
2019-11,PEUGEOT,4
2019-11,PIAGGIO,25
2019-11,QINGQI,
2019-11,QUADRO,1
2019-11,RIEJU,
2019-11,ROYAL ENFIELD,
2019-11,SUZUKI,10
2019-11,SYM,19
2019-11,TRIUMPH,2
2019-11,YAMAHA,792
2019-11,ZONGSHEN,4
2019-11,ZONTES,9
2019-12,ADIVA,
2019-12,APRILIA,7
2019-12,B.M.W.,14
2019-12,B.S.A.,
2019-12,BAJAJ,4
2019-12,BETA,1
2019-12,BRIXTON,1
2019-12,DAELIM,1
2019-12,DUCATI,17
2019-12,HARLEY DAVIDSON,12
2019-12,HONDA,761
2019-12,HUSQVARNA,1
2019-12,INDIAN,
2019-12,K.T.M.,28
2019-12,KAWASAKI,5
2019-12,KEEWAY,
2019-12,KIDEN,
2019-12,KYMCO,46
2019-12,LAMBRETTA,8
2019-12,LEXMOTO,
2019-12,M.V. AGUSTA,
2019-12,MOTO GUZZI,2
2019-12,PEUGEOT,7
2019-12,PIAGGIO,25
2019-12,QINGQI,
2019-12,QUADRO,
2019-12,RIEJU,1
2019-12,ROYAL ENFIELD,1
2019-12,SUZUKI,19
2019-12,SYM,27
2019-12,TRIUMPH,8
2019-12,VESPA,1
2019-12,YAMAHA,778
2019-12,ZONGSHEN,
2019-12,ZONTES,13
2020-01,B.M.W.,9
2020-01,BAJAJ,4
2020-01,BETA,2
2020-01,DAELIM,2
2020-01,DUCATI,3
2020-01,HARLEY DAVIDSON,11
2020-01,HONDA,200
2020-01,HUSQVARNA,1
2020-01,K.T.M.,7
2020-01,KAWASAKI,2
2020-01,KYMCO,5
2020-01,LAMBRETTA,10
2020-01,M.V. AGUSTA,1
2020-01,PEUGEOT,5
2020-01,PIAGGIO,20
2020-01,SUZUKI,12
2020-01,SYM,7
2020-01,TRIUMPH,12
2020-01,YAMAHA,656
2020-01,ZONTES,10
2020-02,B.M.W.,102
2020-02,BAJAJ,2
2020-02,BETA,8
2020-02,DAELIM,2
2020-02,DUCATI,6
2020-02,HARLEY DAVIDSON,9
2020-02,HONDA,263
2020-02,HUSQVARNA,
2020-02,K.T.M.,17
2020-02,KAWASAKI,4
2020-02,KYMCO,9
2020-02,LAMBRETTA,12
2020-02,M.V. AGUSTA,
2020-02,MUTT,3
2020-02,PEUGEOT,8
2020-02,PIAGGIO,22
2020-02,ROYAL ENFIELD,1
2020-02,SUZUKI,19
2020-02,SYM,11
2020-02,TRIUMPH,7
2020-02,YAMAHA,724
2020-02,ZONTES,9
2020-03,APRILIA,1
2020-03,B.M.W.,15
2020-03,BAJAJ,7
2020-03,BETA,
2020-03,DAELIM,1
2020-03,DUCATI,8
2020-03,HARLEY DAVIDSON,7
2020-03,HONDA,289
2020-03,HUSQVARNA,
2020-03,K.T.M.,19
2020-03,KAWASAKI,3
2020-03,KYMCO,2
2020-03,LAMBRETTA,5
2020-03,M.V. AGUSTA,1
2020-03,MOTO GUZZI,2
2020-03,MUTT,7
2020-03,PEUGEOT,7
2020-03,PIAGGIO,32
2020-03,QUADRO,3
2020-03,ROYAL ENFIELD,2
2020-03,SUZUKI,16
2020-03,SYM,13
2020-03,TRIUMPH,9
2020-03,YAMAHA,915
2020-03,ZONTES,7
2020-04,APRILIA,
2020-04,B.M.W.,1
2020-04,BAJAJ,1
2020-04,BETA,3
2020-04,CAN-AM,1
2020-04,DAELIM,
2020-04,DUCATI,3
2020-04,HARLEY DAVIDSON,1
2020-04,HONDA,139
2020-04,HUSQVARNA,
2020-04,K.T.M.,2
2020-04,KAWASAKI,2
2020-04,KYMCO,
2020-04,LAMBRETTA,
2020-04,M.V. AGUSTA,
2020-04,MOTO GUZZI,
2020-04,MUTT,
2020-04,PEUGEOT,1
2020-04,PIAGGIO,25
2020-04,QUADRO,
2020-04,ROYAL ENFIELD,
2020-04,SUZUKI,2
2020-04,SYM,6
2020-04,TRIUMPH,8
2020-04,YAMAHA,400
2020-04,ZONTES,3
2020-05,APRILIA,
2020-05,B.M.W.,41
2020-05,BAJAJ,1
2020-05,BETA,3
2020-05,CAN-AM,
2020-05,DAELIM,
2020-05,DUCATI,
2020-05,HARLEY DAVIDSON,
2020-05,HONDA,99
2020-05,HUSQVARNA,
2020-05,K.T.M.,1
2020-05,KAWASAKI,1
2020-05,KYMCO,1
2020-05,LAMBRETTA,2
2020-05,M.V. AGUSTA,
2020-05,MOTO GUZZI,
2020-05,MUTT,2
2020-05,PEUGEOT,1
2020-05,PIAGGIO,17
2020-05,QUADRO,
2020-05,ROYAL ENFIELD,1
2020-05,SUZUKI,
2020-05,SYM,9
2020-05,TRIUMPH,3
2020-05,YAMAHA,289
2020-05,ZONTES,
2020-06,APRILIA,
2020-06,B.M.W.,10
2020-06,BAJAJ,
2020-06,BETA,1
2020-06,CAN-AM,1
2020-06,DAELIM,
2020-06,DUCATI,3
2020-06,HARLEY DAVIDSON,2
2020-06,HONDA,105
2020-06,HUSQVARNA,5
2020-06,K.T.M.,3
2020-06,KAWASAKI,5
2020-06,KYMCO,4
2020-06,LAMBRETTA,
2020-06,M.V. AGUSTA,
2020-06,MOTO GUZZI,
2020-06,MUTT,1
2020-06,PEUGEOT,1
2020-06,PIAGGIO,26
2020-06,QUADRO,
2020-06,ROYAL ENFIELD,
2020-06,SUZUKI,4
2020-06,SYM,4
2020-06,TRIUMPH,5
2020-06,YAMAHA,230
2020-06,ZONTES,5
2020-07,APRILIA,
2020-07,B.M.W.,18
2020-07,BAJAJ,3
2020-07,BETA,
2020-07,CAN-AM,
2020-07,DAELIM,2
2020-07,DUCATI,20
2020-07,HARLEY DAVIDSON,6
2020-07,HONDA,227
2020-07,HUSQVARNA,3
2020-07,INDIAN,1
2020-07,K.T.M.,10
2020-07,KAWASAKI,6
2020-07,KYMCO,1
2020-07,LAMBRETTA,4
2020-07,M.V. AGUSTA,
2020-07,MOTO GUZZI,1
2020-07,MUTT,1
2020-07,PEUGEOT,8
2020-07,PIAGGIO,15
2020-07,QUADRO,1
2020-07,ROYAL ENFIELD,9
2020-07,SUZUKI,9
2020-07,SYM,8
2020-07,TRIUMPH,6
2020-07,YAMAHA,586
2020-07,ZONTES,5
2020-08,ADIVA,5
2020-08,APRILIA,
2020-08,B.M.W.,17
2020-08,BAJAJ,10
2020-08,BETA,
2020-08,CAN-AM,
2020-08,DAELIM,1
2020-08,DUCATI,7
2020-08,HARLEY DAVIDSON,2
2020-08,HONDA,246
2020-08,HUSQVARNA,3
2020-08,INDIAN,
2020-08,K.T.M.,3
2020-08,KAWASAKI,1
2020-08,KYMCO,3
2020-08,LAMBRETTA,3
2020-08,M.V. AGUSTA,
2020-08,MOTO GUZZI,1
2020-08,MUTT,2
2020-08,PEUGEOT,6
2020-08,PIAGGIO,16
2020-08,QUADRO,1
2020-08,ROYAL ENFIELD,5
2020-08,SUZUKI,12
2020-08,SYM,12
2020-08,TRIUMPH,4
2020-08,YAMAHA,543
2020-08,ZONTES,4
